location,avg_temperature,avg_humidity
BuildingB_Floor2,25.449166666666663,55.423484848484854
BuildingA_Floor1,25.13893280632413,54.36533596837947
BuildingA_Floor2,25.023117408906877,55.14101214574895
BuildingB_Floor1,24.264279661016943,56.158559322033916
