sensor_id,avg_temp,rank_temp
1060,29.625,1
1066,29.175,2
1087,28.69333333333333,3
1006,28.685000000000002,4
1091,28.566250000000004,5
